--
-- PostgreSQL database dump
--

-- Dumped from database version 12.9 (Ubuntu 12.9-2.pgdg20.04+1)
-- Dumped by pg_dump version 12.9 (Ubuntu 12.9-2.pgdg20.04+1)

SET statement_timeout = 0;
SET lock_timeout = 0;
SET idle_in_transaction_session_timeout = 0;
SET client_encoding = 'UTF8';
SET standard_conforming_strings = on;
SELECT pg_catalog.set_config('search_path', '', false);
SET check_function_bodies = false;
SET xmloption = content;
SET client_min_messages = warning;
SET row_security = off;

DROP DATABASE universe;
--
-- Name: universe; Type: DATABASE; Schema: -; Owner: freecodecamp
--

CREATE DATABASE universe WITH TEMPLATE = template0 ENCODING = 'UTF8' LC_COLLATE = 'C.UTF-8' LC_CTYPE = 'C.UTF-8';


ALTER DATABASE universe OWNER TO freecodecamp;

\connect universe

SET statement_timeout = 0;
SET lock_timeout = 0;
SET idle_in_transaction_session_timeout = 0;
SET client_encoding = 'UTF8';
SET standard_conforming_strings = on;
SELECT pg_catalog.set_config('search_path', '', false);
SET check_function_bodies = false;
SET xmloption = content;
SET client_min_messages = warning;
SET row_security = off;

SET default_tablespace = '';

SET default_table_access_method = heap;

--
-- Name: galaxy; Type: TABLE; Schema: public; Owner: freecodecamp
--

CREATE TABLE public.galaxy (
    galaxy_id integer NOT NULL,
    name character varying(255) NOT NULL,
    galaxy_type character varying(255) NOT NULL,
    is_spherical boolean,
    description text
);


ALTER TABLE public.galaxy OWNER TO freecodecamp;

--
-- Name: galaxy_galaxy_id_seq; Type: SEQUENCE; Schema: public; Owner: freecodecamp
--

CREATE SEQUENCE public.galaxy_galaxy_id_seq
    AS integer
    START WITH 1
    INCREMENT BY 1
    NO MINVALUE
    NO MAXVALUE
    CACHE 1;


ALTER TABLE public.galaxy_galaxy_id_seq OWNER TO freecodecamp;

--
-- Name: galaxy_galaxy_id_seq; Type: SEQUENCE OWNED BY; Schema: public; Owner: freecodecamp
--

ALTER SEQUENCE public.galaxy_galaxy_id_seq OWNED BY public.galaxy.galaxy_id;


--
-- Name: humans; Type: TABLE; Schema: public; Owner: freecodecamp
--

CREATE TABLE public.humans (
    humans_id integer NOT NULL,
    name character varying(50) NOT NULL,
    planet_id integer,
    description text NOT NULL,
    years integer
);


ALTER TABLE public.humans OWNER TO freecodecamp;

--
-- Name: moon; Type: TABLE; Schema: public; Owner: freecodecamp
--

CREATE TABLE public.moon (
    moon_id integer NOT NULL,
    name character varying(50) NOT NULL,
    planet_id integer,
    distance_from_planet numeric,
    diametro numeric
);


ALTER TABLE public.moon OWNER TO freecodecamp;

--
-- Name: moon_moon_id_seq; Type: SEQUENCE; Schema: public; Owner: freecodecamp
--

CREATE SEQUENCE public.moon_moon_id_seq
    AS integer
    START WITH 1
    INCREMENT BY 1
    NO MINVALUE
    NO MAXVALUE
    CACHE 1;


ALTER TABLE public.moon_moon_id_seq OWNER TO freecodecamp;

--
-- Name: moon_moon_id_seq; Type: SEQUENCE OWNED BY; Schema: public; Owner: freecodecamp
--

ALTER SEQUENCE public.moon_moon_id_seq OWNED BY public.moon.moon_id;


--
-- Name: planet; Type: TABLE; Schema: public; Owner: freecodecamp
--

CREATE TABLE public.planet (
    planet_id integer NOT NULL,
    name character varying(50) NOT NULL,
    has_life boolean,
    planet_type character varying(50),
    description text,
    age_in_millions_of_years integer,
    star_id integer
);


ALTER TABLE public.planet OWNER TO freecodecamp;

--
-- Name: planet_planet_id_seq; Type: SEQUENCE; Schema: public; Owner: freecodecamp
--

CREATE SEQUENCE public.planet_planet_id_seq
    AS integer
    START WITH 1
    INCREMENT BY 1
    NO MINVALUE
    NO MAXVALUE
    CACHE 1;


ALTER TABLE public.planet_planet_id_seq OWNER TO freecodecamp;

--
-- Name: planet_planet_id_seq; Type: SEQUENCE OWNED BY; Schema: public; Owner: freecodecamp
--

ALTER SEQUENCE public.planet_planet_id_seq OWNED BY public.planet.planet_id;


--
-- Name: star; Type: TABLE; Schema: public; Owner: freecodecamp
--

CREATE TABLE public.star (
    star_id integer NOT NULL,
    name character varying(50) NOT NULL,
    age_in_millions_of_years integer,
    distance_from_earth numeric,
    galaxy_id integer
);


ALTER TABLE public.star OWNER TO freecodecamp;

--
-- Name: star_star_id_seq; Type: SEQUENCE; Schema: public; Owner: freecodecamp
--

CREATE SEQUENCE public.star_star_id_seq
    AS integer
    START WITH 1
    INCREMENT BY 1
    NO MINVALUE
    NO MAXVALUE
    CACHE 1;


ALTER TABLE public.star_star_id_seq OWNER TO freecodecamp;

--
-- Name: star_star_id_seq; Type: SEQUENCE OWNED BY; Schema: public; Owner: freecodecamp
--

ALTER SEQUENCE public.star_star_id_seq OWNED BY public.star.star_id;


--
-- Name: galaxy galaxy_id; Type: DEFAULT; Schema: public; Owner: freecodecamp
--

ALTER TABLE ONLY public.galaxy ALTER COLUMN galaxy_id SET DEFAULT nextval('public.galaxy_galaxy_id_seq'::regclass);


--
-- Name: moon moon_id; Type: DEFAULT; Schema: public; Owner: freecodecamp
--

ALTER TABLE ONLY public.moon ALTER COLUMN moon_id SET DEFAULT nextval('public.moon_moon_id_seq'::regclass);


--
-- Name: planet planet_id; Type: DEFAULT; Schema: public; Owner: freecodecamp
--

ALTER TABLE ONLY public.planet ALTER COLUMN planet_id SET DEFAULT nextval('public.planet_planet_id_seq'::regclass);


--
-- Name: star star_id; Type: DEFAULT; Schema: public; Owner: freecodecamp
--

ALTER TABLE ONLY public.star ALTER COLUMN star_id SET DEFAULT nextval('public.star_star_id_seq'::regclass);


--
-- Data for Name: galaxy; Type: TABLE DATA; Schema: public; Owner: freecodecamp
--

INSERT INTO public.galaxy VALUES (1, 'via lactea', 'Sbbc', false, NULL);
INSERT INTO public.galaxy VALUES (2, 'Enana del Can MAyor', 'Irr', false, NULL);
INSERT INTO public.galaxy VALUES (3, 'Enana Eliptica Sagitario', 'dsph/e7', false, NULL);
INSERT INTO public.galaxy VALUES (4, 'Gran Nube de Magallanes', 'Irr/Sb', true, NULL);
INSERT INTO public.galaxy VALUES (5, 'Enana de bootes', 'd sph', true, NULL);
INSERT INTO public.galaxy VALUES (6, 'Enana de la OSa Menor', 'dE4', false, NULL);


--
-- Data for Name: humans; Type: TABLE DATA; Schema: public; Owner: freecodecamp
--

INSERT INTO public.humans VALUES (1, 'andres', 3, 'humano que visito el planeta', 38);
INSERT INTO public.humans VALUES (2, 'maribel', 4, 'humano que visito el planeta', 56);
INSERT INTO public.humans VALUES (3, 'ismael', 5, 'humano que visito el planeta', 56);


--
-- Data for Name: moon; Type: TABLE DATA; Schema: public; Owner: freecodecamp
--

INSERT INTO public.moon VALUES (1, 'luna', 3, NULL, NULL);
INSERT INTO public.moon VALUES (2, 'deimos', 4, NULL, NULL);
INSERT INTO public.moon VALUES (3, 'Phobos', 4, NULL, NULL);
INSERT INTO public.moon VALUES (4, 'adrastea', 6, NULL, NULL);
INSERT INTO public.moon VALUES (5, 'aitne', 4, NULL, NULL);
INSERT INTO public.moon VALUES (6, 'amaltea', 4, NULL, NULL);
INSERT INTO public.moon VALUES (7, 'anaka', 4, NULL, NULL);
INSERT INTO public.moon VALUES (8, 'ahoede', 4, NULL, NULL);
INSERT INTO public.moon VALUES (9, 'carpo', 4, NULL, NULL);
INSERT INTO public.moon VALUES (10, 'cyllene', 4, NULL, NULL);
INSERT INTO public.moon VALUES (11, 'elene', 4, NULL, NULL);
INSERT INTO public.moon VALUES (12, 'ariel', 10, NULL, NULL);
INSERT INTO public.moon VALUES (13, 'calypso', 10, NULL, NULL);
INSERT INTO public.moon VALUES (14, 'belinda', 10, NULL, NULL);
INSERT INTO public.moon VALUES (15, 'bianca', 10, NULL, NULL);
INSERT INTO public.moon VALUES (16, 'despina', 11, NULL, NULL);
INSERT INTO public.moon VALUES (17, 'galatea', 11, NULL, NULL);
INSERT INTO public.moon VALUES (18, 'talassa', 11, NULL, NULL);
INSERT INTO public.moon VALUES (19, 'sao', 10, NULL, NULL);
INSERT INTO public.moon VALUES (20, 'charon', 13, NULL, NULL);


--
-- Data for Name: planet; Type: TABLE DATA; Schema: public; Owner: freecodecamp
--

INSERT INTO public.planet VALUES (1, 'mercurio', false, 'fuego', 'planeta de fuego con alto nivel de calor', 2541, NULL);
INSERT INTO public.planet VALUES (2, 'pluton', false, 'fuego', 'planeta de fuego con alto nivel de calor', 2541, 3);
INSERT INTO public.planet VALUES (3, 'tierra', true, 'mar', 'planeta de vida humana', 23521, 5);
INSERT INTO public.planet VALUES (4, 'marte', true, 'mar', 'planeta que se cree tenga  vida humana', 65421, 7);
INSERT INTO public.planet VALUES (5, 'venus', false, 'mar', 'planeta', 6251, 7);
INSERT INTO public.planet VALUES (6, 'jupiter', false, 'mar', 'planeta', 4561, 7);
INSERT INTO public.planet VALUES (7, 'saturno', false, 'agua', 'planeta de agua', 5647, 4);
INSERT INTO public.planet VALUES (8, 'zeus', true, 'agua', 'planeta de agua', 55647, 6);
INSERT INTO public.planet VALUES (9, 'liam', true, 'aire', 'planeta de aire', 559847, 5);
INSERT INTO public.planet VALUES (10, 'urano', false, 'aire', 'planeta que orbita a mas de 90 grados', 567547, 8);
INSERT INTO public.planet VALUES (11, 'neptuno', false, 'aire', 'planeta mas alejado del sol', 567547, 8);
INSERT INTO public.planet VALUES (13, 'planeta12', false, 'aire', 'ultimo planeta', 53457547, 4);


--
-- Data for Name: star; Type: TABLE DATA; Schema: public; Owner: freecodecamp
--

INSERT INTO public.star VALUES (3, 'alfa', 2500, 65423, 1);
INSERT INTO public.star VALUES (4, 'osa mayor', 2600, 3562.256, 1);
INSERT INTO public.star VALUES (5, 'Dalim', 2500, 65423, 1);
INSERT INTO public.star VALUES (6, 'osa menor', 2600, 3562.256, 2);
INSERT INTO public.star VALUES (7, 'Denue', 2500, 63423, 6);
INSERT INTO public.star VALUES (8, 'electra', 2600, 3562.256, 5);


--
-- Name: galaxy_galaxy_id_seq; Type: SEQUENCE SET; Schema: public; Owner: freecodecamp
--

SELECT pg_catalog.setval('public.galaxy_galaxy_id_seq', 6, true);


--
-- Name: moon_moon_id_seq; Type: SEQUENCE SET; Schema: public; Owner: freecodecamp
--

SELECT pg_catalog.setval('public.moon_moon_id_seq', 20, true);


--
-- Name: planet_planet_id_seq; Type: SEQUENCE SET; Schema: public; Owner: freecodecamp
--

SELECT pg_catalog.setval('public.planet_planet_id_seq', 13, true);


--
-- Name: star_star_id_seq; Type: SEQUENCE SET; Schema: public; Owner: freecodecamp
--

SELECT pg_catalog.setval('public.star_star_id_seq', 8, true);


--
-- Name: galaxy galaxy_name_key; Type: CONSTRAINT; Schema: public; Owner: freecodecamp
--

ALTER TABLE ONLY public.galaxy
    ADD CONSTRAINT galaxy_name_key UNIQUE (name);


--
-- Name: galaxy galaxy_pkey; Type: CONSTRAINT; Schema: public; Owner: freecodecamp
--

ALTER TABLE ONLY public.galaxy
    ADD CONSTRAINT galaxy_pkey PRIMARY KEY (galaxy_id);


--
-- Name: humans humans_name_key; Type: CONSTRAINT; Schema: public; Owner: freecodecamp
--

ALTER TABLE ONLY public.humans
    ADD CONSTRAINT humans_name_key UNIQUE (name);


--
-- Name: humans humans_pkey; Type: CONSTRAINT; Schema: public; Owner: freecodecamp
--

ALTER TABLE ONLY public.humans
    ADD CONSTRAINT humans_pkey PRIMARY KEY (humans_id);


--
-- Name: moon moon_name_key; Type: CONSTRAINT; Schema: public; Owner: freecodecamp
--

ALTER TABLE ONLY public.moon
    ADD CONSTRAINT moon_name_key UNIQUE (name);


--
-- Name: moon moon_pkey; Type: CONSTRAINT; Schema: public; Owner: freecodecamp
--

ALTER TABLE ONLY public.moon
    ADD CONSTRAINT moon_pkey PRIMARY KEY (moon_id);


--
-- Name: planet planet_name_key; Type: CONSTRAINT; Schema: public; Owner: freecodecamp
--

ALTER TABLE ONLY public.planet
    ADD CONSTRAINT planet_name_key UNIQUE (name);


--
-- Name: planet planet_pkey; Type: CONSTRAINT; Schema: public; Owner: freecodecamp
--

ALTER TABLE ONLY public.planet
    ADD CONSTRAINT planet_pkey PRIMARY KEY (planet_id);


--
-- Name: star star_name_key; Type: CONSTRAINT; Schema: public; Owner: freecodecamp
--

ALTER TABLE ONLY public.star
    ADD CONSTRAINT star_name_key UNIQUE (name);


--
-- Name: star star_pkey; Type: CONSTRAINT; Schema: public; Owner: freecodecamp
--

ALTER TABLE ONLY public.star
    ADD CONSTRAINT star_pkey PRIMARY KEY (star_id);


--
-- Name: humans humans_planet_id_fkey; Type: FK CONSTRAINT; Schema: public; Owner: freecodecamp
--

ALTER TABLE ONLY public.humans
    ADD CONSTRAINT humans_planet_id_fkey FOREIGN KEY (planet_id) REFERENCES public.planet(planet_id);


--
-- Name: moon moon_planet_id_fkey; Type: FK CONSTRAINT; Schema: public; Owner: freecodecamp
--

ALTER TABLE ONLY public.moon
    ADD CONSTRAINT moon_planet_id_fkey FOREIGN KEY (planet_id) REFERENCES public.planet(planet_id);


--
-- Name: planet planet_star_id_fkey; Type: FK CONSTRAINT; Schema: public; Owner: freecodecamp
--

ALTER TABLE ONLY public.planet
    ADD CONSTRAINT planet_star_id_fkey FOREIGN KEY (star_id) REFERENCES public.star(star_id);


--
-- Name: star star_galaxy_id_fkey; Type: FK CONSTRAINT; Schema: public; Owner: freecodecamp
--

ALTER TABLE ONLY public.star
    ADD CONSTRAINT star_galaxy_id_fkey FOREIGN KEY (galaxy_id) REFERENCES public.galaxy(galaxy_id);


--
-- PostgreSQL database dump complete
--

